{"cameraMode":{"drawMode":0,"name":"Shaded","section":"Shading Mode"},"sceneLighting":true,"audioPlay":false,"sceneViewState":{"m_AlwaysRefresh":false,"showFog":true,"showSkybox":true,"showFlares":true,"showImageEffects":true,"showParticleSystems":true,"showVisualEffectGraphs":true,"m_FxEnabled":true},"in2DMode":false,"pivot":{"x":-0.0304412841796875,"y":-0.44164323806762698,"z":0.13907337188720704},"rotation":{"x":-0.1760481894016266,"y":0.5661918520927429,"z":-0.12530989944934846,"w":-0.7954440116882324},"size":12.134251594543457,"orthographic":false}